Employee Name,UT 1040,UT 1120,UT 1065,UT 1041,UT 990,UT 5500,UT 706/709/990/2290,UT Sys,FxAsstCS,Planner/Toolbox,GST 1040,GST 1120,GST 1065,GST 1041,GST 990,GST 5500,GST 706/9,GST INS,GST MTI,GST TB,GST Sys,GST Sys Free,FCS,GFR,AdvFlow,ACS Acct,ACS Pay,ACS AP/AR,ACS Work,ACS Sys,PCS,PCS Sys,Onvio,SAAS/VO,WebBld,WebBldClassic,CS Gen,CS GoSys,CS Rec,Null
 Employee 1,1,1,1,,,,,1,,1,,,,,,,,,,,,,,,,,,,,,,,,,,,,,,0
 Employee 2,,,,,,,,,,,1,1,1,,,,,,1,1,1,1,,,,,,,,,,,,,,,,,,0
 Employee 3,1,1,,1,1,,1,1,,,,1,,,,,,,,,,,1,,,,1,,,,,,1,1,1,1,,,,0
 Employee 4,1,,,,,,,,,,,,,,,,,,,,,,,1,1,1,1,1,1,,,,,,,,,,,0
 Employee 5,,,,,,,,,,,,,,,,,,,,,,,1,,,1,1,1,1,1,1,1,,1,1,,,,,0
 Employee 6,1,1,1,,,,,1,,,,,,,,,,,,,,,,,,,,,,,,,,,,,,,,0
 Employee 7,,,,,,,,,,,1,1,1,1,1,1,1,1,1,1,1,1,,,,,,,,,,,,,,,,,,0
 Employee 8,1,1,1,,,,,1,,1,,,,,,,,,,,,,,,,,,,,,,,,,,,,,,0
 Employee 9,,,,,,,,,,,,,,,,,,,,,,,1,,,1,1,1,1,1,1,1,1,1,1,,,,,0
 Employee 10,,,,,,,,,,,,,,,,,,,,,,,,,,,,,,,,,,,,,1,1,1,0
 Employee 11,1,1,1,,,,,1,,,,,,,,,,,,,,,,,,,,,,,,,,,,,,,,0
 Employee 12,1,1,1,1,1,,1,1,1,,,,,,,,,,,,,,,,,,,,,,,,,,,,,,,0
 Employee 13,1,,,,,,,1,,,,,,,,,,,,,,,,,,1,1,1,1,1,,1,,,,,,,,0
 Employee 14,1,,,1,,,,1,,,1,1,1,1,1,1,1,,1,1,,,1,,,,,,,,,,,1,1,,,,,0
 Employee 15,1,1,1,1,,,,1,1,1,,,,,,,,,,,,,,,,1,,1,1,,,,,,,,,,,0
 Employee 16,1,1,1,,,,,1,1,1,,,,,,,,,,,,,,,,,,,,,,,,,,,,,,0
 Employee 17,,,,,,,,,,,,,,,,,,,,,,,,,,,,,,,,,,,,,,,,0
 Employee 18,1,1,,1,,1,,1,,,,,,,,,,,,,,,1,,,,,,,1,1,1,,1,1,1,,,,0
 Employee 19,,,,,,,,,,,,,,,,,,,,,,,,,,,,,,,,,,,,,,,,0
 Employee 20,1,1,1,1,1,,1,1,,1,,,,,,,,,,,,,,,,,,,,,,,,,,,,,,0
 Employee 21,1,,,,,,,1,,,,,,,,,,,,,,,,,,,,,,,,,,,,,,,,0
 Employee 22,1,1,1,1,,,,1,1,1,,,,,,,,,,,,,,,,1,,1,1,,,,,,,,,,,0
 Employee 23,,,,,,,,,,,1,1,1,1,1,1,1,1,1,1,1,1,,,,,,,,,1,,,,,,,,,0
 Employee 24,,,,,,,,,,,,,,,,,,,,,,,,,,,,,,,,,,,,,,,,0
 Employee 25,1,1,1,1,1,1,1,1,1,1,,,1,,,,,,,,,,,,,,,,,,,,,,,,,,,0
 Employee 26,1,1,1,,,,,1,,,,,,,,,,,,,,,,,,,,,,,,,,,,,,,,0
 Employee 27,,,,,,,,,,,,,,,,,,,,,,,,,1,1,1,1,1,1,,1,,,,,,,,0
 Employee 28,,,,,,,,,,,,,,,,,,,,,,,,,,,,,,,,,,,,,,,,0
 Employee 29,1,1,1,1,1,,1,1,,1,,,,,,,,,,,,,,,,,,,,1,1,1,,,,,,,,0
 Employee 30,1,,,,,,,1,,,,,,,,,,,,,,,,,,,,,,,,,,,,,1,1,1,0
 Employee 31,,,,,,,,,,,1,1,1,,,,,,1,1,,,,,,,,,,,,,,,,,,,1,0
 Employee 32,,,,,,,,,,,,,,,,,,,,,,,,,,1,1,1,1,,,,,,,,,,,0
 Employee 33,1,1,1,,1,1,1,1,,,,1,1,1,1,1,,,1,1,,,1,,,,,,,,,,,1,1,,,,,0
 Employee 34,1,1,1,,,,,1,1,1,,,,,,,,,,,,,,,,,,,,,,,,1,1,,1,,1,0
 Employee 35,1,1,1,1,1,1,1,1,1,1,,,,,,,,,,,,,,,,,,,,,,,,,,,,,,0
 Employee 36,1,,,,1,1,1,1,,,,,,,,,,,,,,,,,,1,1,1,1,1,,1,,,,,,,,0
 Employee 37,1,1,1,,,,,1,,,,,,,,,,,,,,,,,,,,,,,,,,,,,,,,0
 Employee 38,1,,,,,,,1,,,,,,,,,,,,,,,,,,1,,1,,1,1,1,,,,,,,1,0
 Employee 39,1,1,1,,,,,1,,,,,,,,,,,,,,,,,,,,,,,,,,,,,,,,0
 Employee 40,,,,,,,,,,,1,1,1,,1,1,1,1,1,1,1,1,,,,,,,,1,1,1,,,,,,,,0
 Employee 41,1,,,,,,,1,,,,,,,,,,,,,,,,,,,,,,,,,,,,,,,,0
 Employee 42,1,,,,,,,,,,,,,,,,,,,,,,,,,,,,,,,,,,,,,,,0
 Employee 43,,,,,,,,,,,,,,,,,,,,,,,,,1,1,1,1,1,,,,,,,,,,,0
 Employee 44,1,1,1,1,1,1,1,,1,,,,,,,,,,,,,,1,,,,,,,,,,,1,1,,,,,0
 Employee 45,,,,,,,,,,,,,,,,,,,,,,,,,,,,,,,,,,,,,1,1,1,0
 Employee 46,1,,,,,,,1,,,,,,,,,,,,,,,,,,,,,,,,,,,,,,,,0
 Employee 47,1,1,1,1,1,1,1,1,1,,,,,,,,,,,,,,,,,,1,,,,,,1,,,,,,,0
 Employee 48,,,,,,,,,,,,,,,,,,,,,,,,,,,,,,,,,,,,,,,,0
 Employee 49,,,,,,,,,,,,,,,,,,,,,,,,,,,,,,,,,,,,,,,,0
 Employee 50,1,1,1,1,1,1,1,1,,,,1,,,,,,,,,,,,,,,,,,,,,,,,,,,,0
 Employee 51,,,,,,,,,,,,,,,,,,,,,,,,,,,,,,,,,,,,,,,,0
 Employee 52,,,,,,,,,,,,,,,,,,,,,,,,,,,,,,,,,,,,,1,1,1,0
 Employee 53,1,,,,,,,,,,,,,,,,,,,,,,,,,1,1,1,1,1,,1,,,,,,,,0
 Employee 54,,,,,,,,,,,,,,,,,,,,,,,,1,1,,,,,1,1,1,,,,,,,,0
 Employee 55,,,,,,,,,,,,,,,,,,,,,,,,,,,,,,,,,,,,,,,,0
 Employee 56,1,1,1,1,1,1,1,1,,1,,,,,,,,,,,,,,,,,,,,1,1,1,,,,,,,,0
 Employee 57,1,1,1,,,,,1,,,,,,,,,,,,,,,1,,,,,,,,,,,1,1,,,,,0
 Employee 58,,,,,,,,,,,,,,,,,,,,,,,1,,,1,1,1,1,1,,1,,1,,,,,,0
 Employee 59,1,1,1,,,,,1,,1,,,,,,,,,,,,,1,,,,,,,,,,,1,1,,1,,1,0
 Employee 60,1,,,,,,,,,,,,,,,,,,,,,,,,,1,1,1,1,1,,1,,,,,,,,0
 Employee 61,,,,,,,,,,,1,1,1,1,1,1,1,1,1,1,1,1,,1,,,,,,,,,,,,,,,,0
 Employee 62,,1,1,,,,,1,,,,,,,,,,,,,,,,,,,,,,,,,,,,,,,,0
 Employee 63,1,,1,1,1,1,1,1,1,1,,,,,,,,,,,,,,,,,,,,,,,,,,,,,,0
 Employee 64,1,1,1,1,1,1,1,1,,,,,,,,,,,,,,,,,,,,,,,,,,,,,,,,0
 Employee 65,1,1,1,,,,,1,1,,,,1,,,,,,,,,,,,,,,,,,,,,,,,,,,0
 Employee 66,,,,,,,,,,,,,,,,,,,,,,,,1,1,1,1,1,1,1,,1,,,,,,,,0
 Employee 67,1,,,,,,,1,,,,,,,,,,,,,,,,,,,1,,,,,,,,,,,,,0
 Employee 68,,,,,,,,,,,,,,,,,,,,,,,,1,1,1,,1,1,,,,,,,,,,,0
 Employee 69,1,,,,1,,1,1,,,,,,,,,,,,,,,,,,,,,,1,1,1,,,,,,,,0
 Employee 70,,,,,,,,,,,,,,,,,,,,,,,,,,1,1,1,,,1,,,,,,,,,0
 Employee 71,1,,,,,,,,,,,,,,,,,,,,,,,,,,,,,,,,,,,,,,,0
 Employee 72,1,1,1,,,,,1,1,,,1,,,,,,,,,,,,,,,,,,,,,,,,,,,,0
 Employee 73,1,,,,,,,,,,,,,,,,,,,,,,,,,1,1,1,1,1,,1,,,,,,,,0
 Employee 74,,,,,,,,,,,1,1,1,1,1,1,1,1,1,1,1,1,,1,1,,,,,,,,,,,,,,,0
 Employee 75,,,,,,,,,,,,,,,,,,,,,,,,,,,,,,,,,,,,,,,,0
 Employee 76,,,,,,,,,,,,,,,,,,,,,,,,,,,,,,,1,,,,,,,,,0
 Employee 77,1,1,1,,,,,1,1,,,,,,,,,,,,,,,,,1,,1,1,,,,,,,,,,,0
 Employee 78,1,,,,,,,1,,,,,,,,,,,,,,,,,,,,,,,,,,,,,,,,0
 Employee 79,,,,,,,,,,,,,,,,,,,,,,,,,,,,,,,,,,,,,1,1,1,0
 Employee 80,,,,,,,,,,,,,,,,,,,,,,,1,1,1,1,1,1,1,1,1,1,,1,,,,,,0
 Employee 81,1,,,,,,,1,,,,,,,,,,,,,,,,,,1,,1,,1,1,1,1,,,,,,,0
 Employee 82,,,,,,,,,,,,,,,,,,,,,,,1,,,1,1,1,1,1,,1,,1,1,,,,,0
 Employee 83,,,,,,,,,,,,,,,,,,,,,,,,1,1,,1,,,,,,,,,,,,,0
 Employee 84,1,1,1,,,,,1,,,,,,,,,,,,,,,,,,,,,,,,,,,,,,,1,0
 Employee 85,1,,,,,,,1,,,1,1,1,1,1,1,1,,1,1,1,1,,,,,,,,1,1,1,,,,,,,,0
 Employee 86,1,1,1,1,,,,1,,,,,,,,,,,,,,,,,,,,,,,,,,,,,,,,0
 Employee 87,1,,,,,,,1,,,,,,,,,,,,,,,,,,,,,,,,,,,,,,,,0
 Employee 88,1,1,1,1,,,,1,1,,,,,,,,,,,,,,1,,,,,,,,,,,1,1,,,,,0
 Employee 89,,,,,,,,,,,,,,,,,,,,,,,,,,1,1,1,1,,,,,,,,,,,0
 Employee 90,1,,,,,,,,,,,,,,,,,,,,,,,,,,,,,,,,,,,,,,,0
 Employee 91,1,1,1,,,,,1,,,,,,,,,,,,,,,,,,,,,,,,,,,,,,,,0
 Employee 92,1,1,1,,,1,,1,,,,,,,,,,,,,,,,1,1,,,,,,,,,,,,,,,0
 Employee 93,1,1,1,1,1,1,1,1,,1,,,,,,,,,,,,,,,,,,,,,,,,,,,,,,0
 Employee 94,,,,,,,,,,,,,,,,,,,,,,,,,,1,1,1,1,1,,1,,,,,,,,0
 Employee 95,,,,,,,,,,,,,,,,,,,,,,,,,,,,,,,,,,,,,1,1,1,0
 Employee 96,1,1,1,1,1,,1,1,,,,,,,,,,,,,,,1,,,,,,,,,,,1,,1,,,,0
 Employee 97,,,,,,,,,,,,,,,,,,,,,,,1,,,1,1,1,1,1,1,1,,1,1,,,,,0
 Employee 98,1,1,1,1,1,1,1,1,1,1,,,,,,,,,,,,,,,,,,,,,,,1,1,,,,,,0
 Employee 99,1,,,,,,,,,,,,,,,,,,,,,,,,,,,,,,,,,,,,,,,0
 Employee 100,1,1,1,1,,,,1,1,,,,,,,,,,,,,,,,,,,,,,,,,,,,,,,0
 Employee 101,,,,,,,,,,,1,1,1,1,1,1,1,1,1,1,1,1,,,,,,,,,,,,,,,,,,0
 Employee 102,,,,,,,,,,,,,,,,,,,,,,,,,,,,,,,,,,,,,1,1,1,0
 Employee 103,1,1,1,1,1,1,1,1,1,1,,,,,,,,,,,,,,,,,,,,,,,,,,,,,,0
 Employee 104,1,,,,,,,1,,,,,,,,,,,,,,,,,,,,,,,,,,,,,1,1,1,0
 Employee 105,,,,,,,,,,,,,,,,,,,,,,,,,,,,,,,,,,,,,1,1,1,0
 Employee 106,,,,,,,,,,,,,,,,,,,,,,,,,,,,,,,,,,,,,1,1,1,0
 Employee 107,1,1,1,,,,,,,,1,,1,,,,,,,,,,,,,,,,,,,,,,,,,,,0
 Employee 108,1,1,1,,,,,1,,,,,,,,,,,,,,,,,,,,,,,,,,,,,,,,0
 Employee 109,1,1,1,1,1,1,1,1,1,1,,,,,,,,,,,,,,,,,,,,,,,,,,,,,1,0
 Employee 110,1,1,1,1,1,1,1,1,1,1,,,,,,,,,,,,,,,,,1,,,,,,,,,,,,,0
 Employee 111,1,1,1,,,,,1,1,,,,,,,,,,,,,,1,,,,,,,,,,,1,1,1,,,,0
 Employee 112,,,,,,,,,,,,,1,1,,,,,,1,,,,1,1,1,,1,1,,,,,,,,,,,0
 Employee 113,,,,,,,,,,,,,,,,,,,,,,,,,,,,,,,,,,,,,,,,0
 Employee 114,,,,,,,,,,,,,,,,,,,,,,,,,,,,,,,,,,,,,1,1,1,0
 Employee 115,,,,,,,,,,,,,,,,,,,,,,,1,,,1,1,1,1,1,,1,,1,,,,,,0
 Employee 116,1,,,,,,,1,,,,,,,,,,,,,,,,,,,,,,,,,,,,,,,,0
 Employee 117,1,,,,,,,1,,,,,,,,,,,,,,,,,,,,,,,,,,,,,,,,0
 Employee 118,,,,,,,,,,,,,,,,,,,,,,,,,,1,1,1,1,1,1,1,,1,1,,,,,0
 Employee 119,1,1,1,1,,,,1,1,1,,,1,,,,,,,,,,,,,,,,,,,,,,,,,,,0
 Employee 120,1,,,,,,,1,,,,,,,,,,,,,,,,,,,,,,,,,,,,,,,,0
 Employee 121,,,,,,,,,,,,,,,,,,,,,,,,,,,,,,,,,,,,,,,,0
 Employee 122,,,,,,,,,,,,,,,,,,,,,,,,,,1,1,1,1,1,,1,,,,,,,,0
 Employee 123,1,1,1,1,,,,1,,,,1,,,,,,,,,,,,,,,,,,,,,,,,,,,,0
 Employee 124,,,,,,,,,,,,,,,,,,,,,,,,,,1,1,1,1,1,,1,,,,,,,1,0
 Employee 125,,,,,,,,,,,,,,,,,,,,,,,,,,,,,,,,,,,,,,,,0
 Employee 126,1,1,1,,,,,1,,,,,1,,,,,,,,,,,,,,,,,,,,,,,,,,,0
 Employee 127,,,,,,,,,,,,,,,,,,,,,,,,,,,,,,,,,,,,,1,1,1,0
 Employee 128,1,1,,,,,,,,,,,,,,,,,,,,,,,,,,,,,,,,,,,,,,0
 Employee 129,,,,,,,,,,,,,,,,,,,,,,,,,1,1,1,1,1,1,,1,1,,,,,,,0
 Employee 130,,,,,,,,,,,,,,,,,,,,,,,,,,,,,,,,,,,1,,,,,0
 Employee 131,1,,,,,,,1,,,,,,,,,,,,,,,,1,1,1,1,1,1,1,,1,,,,,,,,0
 Employee 132,,,,,,,,,,,1,1,1,1,1,1,1,1,1,1,,,,,,,,,,,,,,,,,,,,0
 Employee 133,1,,,,,,,1,,,,,,,,,,,,,,,,,,,,,,,,,,,,,,,,0
 Employee 134,1,1,1,,,,,1,,,,,,,,,,,,,,,,,,1,1,1,1,1,,1,,,,,,,,0
 Employee 135,,,,,,,,,,,,,,,,,,,,,,,,1,1,1,1,1,1,1,,1,,,,,,,,0
 Employee 136,1,,,,,,,1,,,,,,,,,,,,,,,,,,,,,,,,,,,,,,,,0
 Employee 137,1,,,,1,1,1,1,1,,1,,1,,,,1,,1,,,,,,,,,,,,,,,,,,,,,0
 Employee 138,1,,,,,,,1,,,,,,,,,,,,,,,,,,,,,,,,,,,,,,,,0
 Employee 139,1,,,,,,,1,,,,,,,,,,,,,,,,,,,,,,,,,,,,,,,,0
 Employee 140,1,1,1,1,1,1,1,1,1,1,,,,,,,,,,,,,,,,,,,,,,,,,,,,,,0
 Employee 141,1,,,,,,,1,,,,,,,,,,,,,,,,,,,,,,,,,,,,,,,,0
 Employee 142,,,,,,,,,,,,,,,,,,,,,,,,,,,,,,,,,,,,,1,1,1,0
 Employee 143,,,,,,,,,,,,,,,,,,,,,,,1,,,1,1,1,1,1,,1,,1,1,,,,,0
 Employee 144,,,,,,,,,,,,,,,,,,,,,,,1,1,,,1,,,1,,1,,1,1,,,,,0
 Employee 145,1,1,1,1,1,1,1,1,,1,,,,,,,,,,,,,,1,,,,,,1,1,1,,1,1,,,,1,0
 Employee 146,,,,,,,,,,,1,1,1,1,1,1,1,,1,1,1,1,,,,,,,,1,1,1,,,,,,,,0
 Employee 147,,,,,,,,,,,,,,,,,,,,,,,,,,,,,,,,,,,1,,,,,0
 Employee 148,1,,,,,,,1,,,,,,,,,,,,,,,,,,,,,,,,,,,,,,,,0
 Employee 149,1,,,,,,,1,,1,1,1,1,,1,1,1,,1,1,1,1,,,,,,,,,,,,,,,,,,0
 Employee 150,,,,,,,,,,,,,,,,,,,,,,,,,,,,,,,,,,,,,1,1,1,0
 Employee 151,,,,,,,,,,,,,,,,,,,,,,,1,,,,,,,1,1,1,,1,1,,,,,0
 Employee 152,1,1,1,1,1,1,1,1,1,1,,,,,,,,,,,,,,,,,,,,,,,,,,,,,,0
 Employee 153,1,,,,,,,1,,,,,,,,,,,,,,,,,,,,,,,,,,,,,,,,0
 Employee 154,1,1,1,1,,,,1,,,,,,,,,,,,,,,,,,,,,,,,,,,1,,,,1,0
 Employee 155,1,1,1,,,,,1,1,1,,,,,,,,,,,,,1,,,,,,,,,,,1,,1,,,,0
 Employee 156,1,1,1,1,1,1,1,1,1,1,,,1,,,,,,,,,,,,,,,,,,,,,,,,,,,0
 Employee 157,1,1,1,,,,,1,,1,,,,,,,,,,,,,1,,,,,,,,,,,1,1,,,,1,0
 Employee 158,1,1,1,,,,,1,1,,,,,,,,,,,,,,,,,,,,,,,,,,,,,,1,0
 Employee 159,,,,,,,,,,,,,,,,,,,,,,,1,1,1,1,,1,1,,,,,,,,,,,0
 Employee 160,,,,,,,,,,,,,,,,,,,,,,,,,,,,,,,,,,,,,,,,0
 Employee 161,1,,,1,,,,1,1,,1,,,1,1,1,1,,1,,1,1,,,,1,,1,,1,1,1,,,,,,,,0
 Employee 162,,1,,,1,,1,,,,1,1,1,1,1,1,1,1,1,1,1,1,,,,,,,,,1,,,,,,,,,0
 Employee 163,1,1,1,,,,,1,,1,,,,,,,,,,,,,1,,,,,,,,,,,1,1,,,,,0
 Employee 164,1,1,1,,,,,1,,,,,,,,,,,,,,,1,,,,,,,,,,,1,1,,,,,0
 Employee 165,,,,,,,,1,,,,,,,,,,,,,,,,,,,1,,,1,,1,,,,,,,,0
 Employee 166,,,,,,,,,,,,,,,,,,,,,,,,,,,,,,,,,,,,,,,,0
 Employee 167,1,1,1,,,,,1,,,,,,,,,,,,,,,,,1,,,,,,,,,,,,,,,0
 Employee 168,1,1,1,1,,,,1,,1,,,,,,,,,,,,,,,,,,,,,,,,,,,,,,0
 Employee 169,,,,,,,,,,,,,,,,,,,,,,,,,,,,,,,,,,,1,,,,,0
 Employee 170,1,,,,,,,1,,,,,,,,,,,,,,,,,,,,,,,,,,,,,,,,0
 Employee 171,,,,,,,,,,,,,,,,,,,,,,,,,,,,,,,,,,,,,,,,0
 Employee 172,,,,,,,,,,,,,,,,,,,,,,,,,,,,,,,,,,,,,,,,0
 Employee 173,,,,,,,,,,,,,,,,,,,,,,,1,1,,,,,,,,,,,,,,,,0
 Employee 174,,,,,,,,,,,,,,,,,,,,,,,,,,,,,,,,,,,,,,,,0
 Employee 175,1,,,,,,,1,,,,,,,,,,,,,,,,,,,,,,,,,,,,,,,,0
 Employee 176,1,1,1,1,1,1,1,1,1,1,,,,,,,,,,,,,,,,,,,,,,,,,,,,,,0
 Employee 177,1,1,1,1,,,,1,,,,,,,,,,,,,,,,,,1,1,1,,,,,,,,,,,,0
 Employee 178,1,1,1,1,1,1,1,1,1,1,,,,,,,,,,,,,1,,,,,,,,,,,1,1,1,,,,0
 Employee 179,,1,,,,,,1,,,,,,,,,,,,,,,,,,,,,,,,,,,,,,,,0
 Employee 180,1,1,1,1,1,1,1,1,,,,,,,,,,,,,,,,,,,,,,,,,,,,,,,,0
 Employee 181,1,1,1,,1,1,1,1,1,1,,,,,,,,,,,,,,,,,,,,,,,,,,,,,,0
 Employee 182,1,1,1,1,,,,1,,,,,,,,,,,,,,,,,,,,,,,,,,,,,,,,0
 Employee 183,1,1,1,1,1,1,1,,1,1,,,,,,,,,,,,,,,,,,,,,,,1,,,,,,,0
 Employee 184,,,,,,,,,,,1,1,,1,1,1,1,,1,1,,,,,,,,,,1,1,1,,,,,,,1,0
 Employee 185,1,,,,,,,1,,,,,,,,,,,,,,,,,,,,,,,,,,,,,,,,0
 Employee 186,,,,,,,,,,,1,1,1,1,1,1,1,1,1,1,1,1,,,,,,,,,,,,,,,,,,0
 Employee 187,,,,,,,,,,,,,,,,,,,,,,,1,1,,1,1,1,1,1,,1,,,,,,,,0
 Employee 188,1,,,,,,,1,,,1,1,1,1,1,1,1,,1,1,1,1,,,,,,,,,,,,,,,,,,0
 Employee 189,,,,,,,,,,,1,1,1,,1,1,1,,1,1,1,1,,,,,,,,1,1,1,,,,,,,1,0
 Employee 190,1,1,1,,,,,1,,,,,,,,,,,,,,,,,,,,,,,,,,,,,,,,0
 Employee 191,,,,,,,,,,,,,,,,,,,,,,,1,,,1,1,1,,1,1,1,,1,,,,,,0
 Employee 192,1,,,,,,,,,,,,,,,,,,,,,,,,,,,,,,,,,,,,,,,0
 Employee 193,,,,,,,,,,,,,,,,,,,,,,,,,,,,,,,,,,,,,1,1,1,0
 Employee 194,1,1,1,,,,,1,,,,,,,,,,,,,,,1,,,,,,,,,,,1,1,,,,,0
 Employee 195,,,,,,,,,,,1,1,1,,,,,,1,1,,,,,,,,,,,,,,,,,,,1,0
 Employee 196,,,,,,,,,,,,,,,,,,,,,,,,,,,,,,,,,,,,,,,,0
 Employee 197,1,,,,,,,1,,,,,,,,,,,,,,,,,,,,,,,,,,,,,,,,0
 Employee 198,,,,,,,,1,,,,,,,,,,,,,,,,,,1,1,1,1,1,,1,,,,,,,,0
 Employee 199,1,,,,,,,1,,,,,,,,,,,,,,,,,,,,,,,,,,,,,,,,0
 Employee 200,,,,,,,,,,,,,,,,,,,,,,,,,,1,1,1,1,1,,1,,,,,,,,0
 Employee 201,1,1,1,1,1,1,1,1,,,,,,,,,,,,,,,,,,,,,,,,,,,,,,,,0
 Employee 202,1,1,1,,,,,1,1,,,,,,,,,,,,,,1,1,,,,,,1,1,1,1,1,,1,,,,0
 Employee 203,,,,,,,,,,,,,,,,,,,,,,,,,,,,,,,,,,,,,,,,0
 Employee 204,,,,,,,,,,,1,1,1,1,1,1,1,,1,1,1,1,,,,,,,,,,,,,,,,,,0
 Employee 205,,,,,,,,,,,1,1,1,,,,,,1,1,,,,,,1,,1,1,,,,,,,,,,,0
 Employee 206,1,1,1,1,,,,1,1,,,,,,,,,,,,,,,,,1,,1,1,,,,,,,,,,,0
 Employee 207,1,1,1,1,,,,1,,,,,,,,,,,,,,,,,,,,,,,,,,,,,,,,0
 Employee 208,1,1,1,,,,,1,,,,,,,,,,,,,,,,,,,,,,,,,,,,,,,,0
 Employee 209,,,,,,,,,,,1,,1,,,,,,1,1,,,,1,1,,,,,1,,1,,,,,,,,0
 Employee 210,,,,,,,,,,,,,,,,,,,,,,,,,,,,,,,,,,,,,,,,0
 Employee 211,1,,,,,,,1,,,,,,,,,,,,,,,,,,,,,,,,,,,,,,,,0
 Employee 212,1,1,1,,,,,1,,,,,,,,,,,,,,,,,,,,,,,,,,,,,,,,0
 Employee 213,1,,,,,,,,,,,,,,,,,,,,,,,,,,1,,,,,,,,,,,,,0
 Employee 214,1,,,,,,,,,,,,,,,,,,,,,,,,,,,,,,,,,,,,,,,0
 Employee 215,,,,,,,,,,,,,,,,,,,,,,,,,,,,,,,,,,,,,,,,0
 Employee 216,1,,,,,,,1,,,,,,,,,,,,,,,,,,,,,,,,,,,,,,,,0
 Employee 217,,,,,,,,,,,,1,1,,,,,1,,,1,1,,1,1,,,,,1,,1,,,,,,,,0
 Employee 218,,,,,,,,,,,,,,,,,,,,,,,,,,1,1,1,1,1,1,1,,,,,,,,0
 Employee 219,1,,,,,,,1,,,,,,,,,,,,,,,,,,,,,,,,,,,,,,,,0
 Employee 220,,,,,,,,,,,,,,,,,,,,,,,,,,,,,,,,,,,,,,,,0
 Employee 221,1,1,1,1,,,,1,,,,,,,,,,,,,,,,,,,,,,,,,,,,,,,,0
 Employee 222,1,1,1,1,1,1,1,1,,1,,,,,,,,,,,,,,,,,1,,,1,,1,,,,,,,,0
 Employee 223,,,,,,,,,,,,,,,,,,,,,,,1,1,,,,,,1,1,1,,1,1,,,,,0
 Employee 224,,,,,,,,,,,,,,,,,,,,,,,,1,1,1,1,1,1,1,,1,,1,1,1,,,,0
 Employee 225,1,1,1,,,,,1,,,,,,,,,,,,,,,,,,,,,,,,,,,,,,,1,0
 Employee 226,,,,,,,,,,,,,,,,,,,,,,,,,,1,1,1,1,1,,1,,,,,,,1,0
 Employee 227,1,1,1,1,,,,1,,,,1,,,,,,,,,,,,,,,,,,,,,,,,,,,,0
 Employee 228,1,1,1,1,,,,1,1,,,,,,,,,,,,,,,,,,,,,,,,,,,,,,,0
 Employee 229,,,,,,,,,,,,,,,,,,,,,,,,,,,,,,,,,,,,,1,1,1,0
 Employee 230,1,1,1,1,,,,1,,,1,1,1,1,,,,,1,1,,,1,,,,,,,,,,,1,1,,,,,0
 Employee 231,,,,,,,,,,,,,,,,,,,,,,,,,,,,,,,,,,,,,1,1,1,0
 Employee 232,,,,,,,,,,,,,,,,,,,,,,,,,,1,1,1,1,1,,1,,,,,,,,0
 Employee 233,,,,,,,,,,,,,,,,,,,,,,,,,,1,1,1,1,1,,1,,,,,,,,0
 Employee 234,,,,,,,,,,,1,1,1,1,1,1,1,,1,1,1,1,,,,,,,,,,,,,,,,,,0
 Employee 235,1,1,1,1,,,,1,,1,,,,,,,,,,,,,,,,,,,,,,,,,,,,,,0
 Employee 236,1,1,1,1,,,,1,1,,1,1,1,1,1,1,1,1,1,1,,,,,,,,,,,,,,,,,,,,0
 Employee 237,1,1,1,1,1,,1,1,1,1,,,,,,,,,,,,,,,,,,,,,,,,1,1,1,,,,0
 Employee 238,1,,,,,,,1,,,,,,,,,,,,,,,,,,,,,,,,,,,,,1,1,1,0
 Employee 239,,,,,,,,,,,,,,,,,,,,,,,,,,,,,,,,,,,,,,,,0
 Employee 240,,,,,,,,,,,,,,,,,,,,,,,,,,,,,,,,,,,,,,,,0
 Employee 241,,,,,,,,,,,,,,,,,,,,,,,,,,,,,,,,,,,,,,,,0
 Employee 242,1,1,1,,,,,1,,,,,,,,,,,,,,,,,,,,,,,,,,,,,,,,0
 Employee 243,1,1,1,,,,,1,,,,,,,,,,,,,,,,,,,,,,,,,,,,,,,,0
 Employee 244,,,,,,,,,,,,,,,,,,,,,,,,,,,,,,,,,,,,,,,,0
 Employee 245,1,,,,,,,1,,,,,,,,,,,,,,,,,,,,,,,,,,,,,,,,0
 Employee 246,,,,,,,,,,,,,,,,,,,,,,,,,,,,,,,,,,,,,,,,0
 Employee 247,,,,,,,,,,,1,1,1,1,1,1,1,,1,1,1,1,,,,,,,,,,,,,,,,,,0
 Employee 248,,,,,,,,,,,,,,,,,,,,,,,,,,1,1,1,1,1,,1,,,,,,,,0
 Employee 249,,,,,,,,,,,,,,,,,,,,,,,1,,,1,1,1,1,1,,1,,1,1,,,,,0
 Employee 250,1,,,,,,,1,,,,,,,,,,,,,,,,,,,,,,,,,,,,,,,,0
 Employee 251,,,,,,,,,,,,,,,,,,,,,,,,,,,,,,,,,,,,,,,,0
 Employee 252,1,,,,,,,,,,,,,,,,,,,,,,,,,,1,,,,,,,,,,,,,0
 Employee 253,1,1,1,,,,,1,1,,,,,,,,,,,,,,,,,,,,,,,,,,,,,,,0
 Employee 254,1,1,1,,,,,1,,,,,,,,,,,,,,,1,,,,,,,,,,,1,1,,,,,0
 Employee 255,1,,,,,,,,,,,,,,,,,,,,,,,,,,,,,,,,,,,,,,,0
 Employee 256,,,,,,,,,,,,,,,,,,,,,,,1,1,1,1,1,1,1,1,,1,,1,,,,,,0
 Employee 257,,,,,,,,,,,1,1,1,,,1,,1,1,1,,,,,,1,1,1,,,,,,,,,,,,0
 Employee 258,,,,,,,,,,,,,,,,,,,,,,,1,,,1,1,1,1,1,,1,,1,1,,,,,0
 Employee 259,,,,,,,,,,,1,1,1,,,,1,,1,,,,,,,1,1,1,1,1,,1,,,,,,,,0
 Employee 260,1,,,,,,,1,,,,,,,,,,,,,,,,,,,,,,,,,,,,,,,,0
 Employee 261,1,,,,,,,1,,,,,,,,,,,,,,,,,,1,1,,1,1,1,1,1,,,,,,,0
 Employee 262,,,,,,,,,,,,,,,,,,,,,,,,,,,,,,,,,,,,,,,,0
 Employee 263,,,,,,,,,,,1,,1,,,,,,1,1,,,,1,1,,,,,,1,,,,,,,,,0
 Employee 264,,1,1,,,,,,,,1,1,1,1,1,,1,,1,1,1,1,,,,,,,,,,,,,,,,,,0
 Employee 265,,,,,,,,,,,,,,,,,,,,,,,,,,,,,,,,,,,,,,,,0
 Employee 266,1,1,1,1,,,,1,,,,,,,,,,,,,,,,,,,,,,,,,,,,,,,,0
 Employee 267,,,,,,,,,,,,,,,,,,,,,,,,,,,,,,,,,,,,,,,,0
 Employee 268,1,1,1,,,,,1,,,,,,,,,,,,,,,,,,,,,,,,,,,,,,,,0
 Employee 269,,,,,,,,,,,,,,,,,,,,,,,,,,,,,,,,,,,,,,,,0
 Employee 270,,,,,,,,,,,1,1,1,1,1,1,1,1,1,1,1,1,,,,,,,,,,,,,,,,,,0
 Employee 271,1,,,,,,,1,,,,,,,,,,,,,,,,,,,,,,,,,,,,,,,,0
 Employee 272,,,,,,,,,,,,1,1,,,,,,,,,,1,,,,1,,,1,1,1,,1,1,,,,,0
 Employee 273,,,,,,,,,,,,,,,,,,,,,,,,,,,,,,,,,,,,,,,,0
 Employee 274,,,,,,,,,,,,,,,,,,,,,,,,,,,,,,,,,,,,,,,,0
 Employee 275,1,,,,,,,,,,,,,,,,,,,,,,,,,,,,,,,,,,,,,,,0
 Employee 276,,,,,,,,,,,,,,,,,,,,,,,,,,,,,,,,,,,,,,,,0
 Employee 277,1,1,1,1,1,1,1,1,1,,,,,,,,,,,,,,,,,,,,,,,,,,,,,,,0
 Employee 278,1,,,,,,,1,,,,,,,,,,,,,,,1,,,,,,,,,,,1,1,1,,,,0
 Employee 279,,,,,,,,,,,,,,,,,,,,,,,,,,,,,,,,,,,,,,,,0
 Employee 280,,,,,,,,,,,,,,,,,,,,,,,,1,1,,,,,1,1,1,,,,,,,,0
 Employee 281,1,,,,,,,1,,,,,,,,,,,,,,,,,,,,,,,,,,,,,,,,0
 Employee 282,,,,,,,,,,,,,,,,,,,,,,,,,,,,,,,,,,,,,1,1,1,0
 Employee 283,,,1,,,,,,,,,,,,,,,,,,,,1,,,1,1,1,1,,,,,1,,1,,,,0
 Employee 284,1,,,,,,,1,,,,,,,,,,,,,,,,,,,,,,,,,,,,,,,,0
 Employee 285,,,,,,,,,,,,,,,,,,,,,,,1,,,,,,,1,1,1,,1,,1,,,,0
 Employee 286,1,,,,,,,1,,,,,,,,,,,,,,,,,,,,,,,,,,,,,,,,0
 Employee 287,1,,,,,,,1,,,,,,,,,,,,,,,,,,,,,,,,,,,,,,,,0
 Employee 288,1,1,1,,,,,1,,1,,,,,,,,,,,,,,,,,,,,,,,,,,,,,,0
 Employee 289,,,,,,,,,,,,,,,,,,,,,,,,,,,,,,,,,,,,,,,,0
 Employee 290,,,,,,,,,,,1,1,1,1,1,1,1,1,1,1,1,1,,,,,,,,,,,,,,,,,,0
 Employee 291,1,,,,,,,1,,,,,,,,,,,,,,,,,,,,,,,,,,,,,,,,0
 Employee 292,1,,,,,,,1,,,,,,,,,,,,,,,1,,,1,1,1,1,1,,1,,1,1,,,,,0
 Employee 293,1,,,,,,,,,,,,,,,,,,,,,,,,,,,,,,,,,,,,,,,0
 Employee 294,,,,,,,,,,,,,,,,,,,,,,,,1,1,1,1,1,1,1,,1,,,,,,,,0
 Employee 295,1,1,1,,,,,1,,,,,,,,,,,,,,,1,1,1,1,,1,,,,,,1,,,,,,0
 Employee 296,,,,,,,,,,,,,,,,,,,,,,,,,,1,1,1,1,,,,,,,,,,,0
 Employee 297,,,,,,,,,,,1,1,1,1,,,,,1,1,,,,,,1,,1,1,,,,,,,,,,,0
 Employee 298,1,,,,,,,,,,,,,,,,,,,,,,,,,,,,,,,,,,,,,,,0
 Employee 299,,,,,,,,,,,1,1,1,1,,,,,1,1,,,,,,1,,1,1,,,,,,,,,,,0
 Employee 300,,1,,,,,,,,,1,1,1,1,1,1,1,1,1,1,1,1,,,,,,,,,,,,,,,,,,0
 Employee 301,,,,,,,,,,,,,,,,,,,,,,,,,,1,1,1,,,,,,,,,,,,0
 Employee 302,1,1,1,1,,,,1,1,,,,,,,,,,,,,,,,,,,,,,,,,,,,,,,0
 Employee 303,1,,,,,,,1,,,,,,,,,,,,,,,,,,,,,,,,,,,,,,,,0
 Employee 304,,,,,,,,,,,,,,,,,,,,,,,,,,,,,,,,,,,,,,,,0
 Employee 305,,,,,,,,,,,,,1,,,,1,,,1,,,1,1,,1,,1,1,1,1,1,,1,1,,,,,0
 Employee 306,1,,,,,,,1,,,,,,,,,,,,,,,,,,,,,,,,,,,,,,,,0
 Employee 307,1,1,1,1,,,,1,,,,1,,,,,,,,,,,,,,,,,,,,,,,,,,,1,0
 Employee 308,,,,,,,,,,,,,,,,,,,,,,,,,,,,,,,,,,,,,,,,0
 Employee 309,,,,,,,,,,,,,,,,,,,,,,,,,,,,,,,,,,,,,,,,0
 Employee 310,1,,,,,,,,,,,,,,,,,,,,,,,,,,,,,,,,,,,,,,,0
 Employee 311,,,,,,,,,,,,,,,,,,,,,,,1,,,1,1,1,1,1,,1,,1,,,,,,0
 Employee 312,1,1,1,1,,,,1,1,1,,,,,,,,,,,,,,,,1,,1,1,,,,,,,,,,,0
 Employee 313,,1,1,,,,,1,,,,,,,,,,,,,,,,,,,,,,,,,,,,,,,,0
 Employee 314,1,,,,,,,1,,,,,,,,,,,,,,,,,,,,,,,,,,,,,,,,0
 Employee 315,1,1,1,1,,,,1,,,,,,,,,,,,,,,1,,,1,,1,,,,,,1,,,,,,0
 Employee 316,1,,,1,,,,1,,,,,,,,,,,,,,,1,,,,,,,,,,,1,,,,,,0
 Employee 317,,,,,,,,,,,1,1,1,1,1,1,1,,1,1,1,1,,,,,,,,,,,,,,,,,,0
 Employee 318,,,,,,,,,,,,,,,,,,,,,,,,,1,1,1,1,1,,,,,,,,,,,0
 Employee 319,,,,,,,,,,,,,,,,,,,,,,,,,,,,,,,,,,,,,,,,0
 Employee 320,1,,,,,,,,,,,,,,,,,,,,,,,,,,,,,,,,,,,,,,,0
 Employee 321,1,,,,,,,1,,,,,,,,,,,,,,,,,,1,1,,1,1,1,1,1,,,,,,,0
 Employee 322,1,1,1,1,1,1,1,1,1,,,,,,,,,,,,,,,,,,,,,,,,,,,,,,,0
 Employee 323,,,,,,,,,,,,,,,,,,,,,,,1,,,,1,,,,,,,1,1,,,,,0
